Airline,Staff,Positive Mentions,Negative Mentions,Total Mentions,Average Sentiment
British Airways,Flight BA 0560,0,1,1,-0.8957
British Airways,Cabin,75,37,112,0.3518598214285715
British Airways,Miguel,1,0,1,0.9972
British Airways,Onboard,10,7,17,0.14703529411764707
British Airways,Trip,5,7,12,-0.071725
British Airways,Checkin,2,1,3,0.3397666666666666
British Airways,Brexit,3,0,3,0.9379666666666666
British Airways,Purser,2,0,2,0.95075
British Airways,dessert,2,1,3,0.28923333333333334
British Airways,Covid,11,13,24,-0.07249583333333336
British Airways,Cancun,2,2,4,0.22544999999999998
British Airways,Aeromexico,0,1,1,-0.4215
British Airways,London Heathrow,115,80,195,0.186399487179487
British Airways,Appalling,0,1,1,-0.9062
British Airways,quinoa,1,0,1,0.9825
British Airways,WiFi,18,13,31,0.2404
British Airways,Sean Doyle,1,1,2,0.22845
British Airways,Mestre,0,1,1,-0.852
British Airways,Straightforward,2,0,2,0.6658
British Airways,Ryanair,33,37,71,-0.08267887323943668
British Airways,Thankfully,0,1,1,-0.8243
British Airways,Lounge,8,3,11,0.5103909090909091
British Airways,São Paulo,0,2,2,-0.73055
British Airways,Club Suite,4,2,6,0.28401666666666664
British Airways,JFK,16,15,31,0.04194516129032255
British Airways,Prosecco,1,0,1,0.9658
British Airways,Strawberry,1,0,1,0.9658
British Airways,LHR,3,1,4,0.13259999999999997
British Airways,London Gatwick,22,9,31,0.38473548387096773
British Airways,Length,0,1,1,-0.8422
British Airways,Mia,0,1,1,-0.8422
British Airways,Nairn,1,0,1,0.9881
British Airways,Raisin Oat,1,0,1,0.9881
British Airways,Wizz Air,2,0,2,0.99055
British Airways,Zone 2,0,1,1,-0.578
British Airways,Jay Ramphul,1,0,1,0.9704
British Airways,Jay,1,0,1,0.9704
British Airways,Captain,0,2,2,-0.85755
British Airways,Euro Traveller,1,1,2,-0.015049999999999952
British Airways,Whispering Angel,1,0,1,0.9794
British Airways,QF,1,1,2,0.20615
British Airways,style yin-yang,1,0,1,0.4645
British Airways,Soggy cookie,0,1,1,-0.9799
British Airways,Glasgow,8,6,14,0.21655714285714286
British Airways,Sathies,4,0,4,0.989
British Airways,Gurvir Singh,2,0,2,0.989
British Airways,Virgin,7,5,12,0.12080000000000002
British Airways,Sorry Captain,1,0,1,0.5013
British Airways,Lauren,1,0,1,0.9493
British Airways,Felt,1,3,4,-0.174475
British Airways,Rooibas,1,0,1,0.9971
British Airways,Gran Canaria,1,0,1,0.9979
British Airways,Bert,0,1,1,-0.9671
British Airways,Concorde,3,0,3,0.9906
British Airways,George,1,0,1,0.5956
British Airways,Tracey,1,0,1,0.9628
British Airways,Austin,2,0,2,0.93295
British Airways,T5,0,1,1,-0.6294
British Airways,Ns BA,0,1,1,-0.6127
British Airways,Alex Cruz,4,6,10,-0.13247000000000003
British Airways,Onboard WiFi,0,1,1,-0.6428
British Airways,Returning Athens,0,1,1,-0.7424
British Airways,Dubrovnik,4,2,6,0.3178166666666667
British Airways,Cabin Crew,6,1,7,0.6176714285714286
British Airways,Superb,1,0,1,0.9523
British Airways,Keflavik,2,0,2,0.81545
British Airways,Club Suites,2,0,2,0.9169499999999999
British Airways,Malaga,11,10,21,0.0748
British Airways,safari,0,1,1,-0.891
British Airways,Camembert,0,0,1,0.0
British Airways,Cityflyer,1,0,1,0.9446
British Airways,Toulouse,2,1,3,0.15219999999999997
British Airways,John Smith,1,0,1,0.32
British Airways,Ms John Smith,1,0,1,0.32
British Airways,Trusting BA's,1,0,1,0.32
British Airways,Customer Support,1,0,1,0.32
British Airways,Omelette,0,1,1,-0.2558
British Airways,Bodrum,0,1,1,-0.7096
British Airways,Tom,1,0,1,0.9657
British Airways,App,0,2,2,-0.79715
British Airways,James,1,1,2,-0.04494999999999999
British Airways,Iberia,1,1,2,0.09060000000000001
British Airways,home….we,0,1,1,-0.2996
British Airways,Plane,1,1,2,-0.05245
British Airways,Valencia,2,2,4,0.393675
British Airways,Netflix,0,1,1,-0.851
British Airways,Highlife,2,0,2,0.9479
British Airways,Easy Jet - at,0,1,1,-0.9148
British Airways,Nun,0,1,1,-0.9554
British Airways,Zuletzt,0,1,1,-0.9554
British Airways,Glück,0,1,1,-0.9554
British Airways,Kabinen Crew,0,1,1,-0.9554
British Airways,Dubrovnik Airport,1,0,1,0.9927
British Airways,Gatwick,19,10,29,0.3467206896551724
British Airways,Salzburg,0,2,2,-0.97635
British Airways,Copenhagen -Bangkok,0,1,1,-0.4094
British Airways,Althea,2,0,2,0.9933
British Airways,Outward,1,2,3,0.07373333333333336
British Airways,Traveller,0,1,1,-0.098
British Airways,Alicante,3,0,3,0.8164333333333333
British Airways,Gentleman,0,1,1,-0.1306
British Airways,Slight,1,0,1,0.9382
British Airways,Lunch,2,0,2,0.97265
British Airways,Keflavík,0,1,1,-0.9535
British Airways,100s,0,2,2,-0.9359
British Airways,Vegetarian Cannelloni,1,0,1,0.9873
British Airways,Emma,1,0,1,0.9867
British Airways,Daniel,1,0,1,0.9867
British Airways,Jo,1,0,1,0.9799
British Airways,LHR T5,1,1,2,0.10564999999999997
British Airways,Ran,0,1,1,-0.7687
British Airways,Yin,1,0,1,0.8534
British Airways,Yang,1,0,1,0.8534
British Airways,Anna,1,0,1,0.8534
British Airways,Maddie,1,0,1,0.8225
British Airways,Manchester,0,1,1,-0.7269
British Airways,Gina,1,0,1,0.986
British Airways,Barbara Collins,1,0,1,0.9824
British Airways,Barbara,1,0,1,0.9824
British Airways,Kashmir Dhami,1,0,1,0.9197
British Airways,Flights,0,3,3,-0.6965
British Airways,Flyer,1,1,2,0.1982
British Airways,Audio,0,1,1,-0.1215
British Airways,Edmonton,1,0,1,0.963
British Airways,Pushback,0,1,1,-0.08
British Airways,Suite,0,1,1,-0.08
British Airways,Sarah,1,0,1,0.9902
British Airways,ying yang,0,1,1,-0.7236
British Airways,Punta Cana,1,1,2,0.27745
British Airways,Twitter,3,0,3,0.7096666666666667
British Airways,Kulula,0,1,1,-0.659
British Airways,Ying Yang,1,0,1,0.5978
British Airways,the ying yang,2,0,2,0.45655
British Airways,Bronze,1,1,2,-0.19815
British Airways,Wifi,4,0,4,0.93695
British Airways,yang,1,2,3,-0.38033333333333336
British Airways,F. Good,0,1,1,-0.9172
British Airways,salmon bagel,0,1,1,-0.9172
British Airways,Onboard 10/10,1,0,1,0.6114
British Airways,Easy Jet,1,0,1,0.2114
British Airways,James Bond,1,0,1,0.9853
British Airways,Oreos,0,1,1,-0.296
British Airways,Emerald OneWorld,0,1,1,-0.5178
British Airways,us BA,0,1,1,-0.5439
British Airways,VeriFly,1,0,1,0.9531
British Airways,Bologna - BA,0,1,1,-0.8924
British Airways,Storm Eunice,0,1,1,-0.1901
British Airways,Storm Ciara,0,2,2,-0.79585
British Airways,Port Elizabeth,0,1,1,-0.9477
British Airways,Cape Town,1,2,3,-0.3237
British Airways,JFK BA,1,0,1,0.5477
British Airways,Glasgow Flight,0,1,1,-0.8039
British Airways,Chicken Caesar,1,0,1,0.9901
British Airways,Stewart Tim,1,0,1,0.9808
British Airways,Alaska Airline,0,1,1,-0.9034
British Airways,Journey,1,1,2,-0.37929999999999997
British Airways,Goncalo Ribeiro,1,0,1,0.901
British Airways,St Lucia,7,2,9,0.3367111111111111
British Airways,Amir,1,0,1,0.9862
British Airways,Cayman,0,1,1,-0.7784
British Airways,Onboard W-Fi,1,0,1,0.8311
British Airways,BA Cabin Crew,1,0,1,0.8263
British Airways,Ulster,1,0,1,0.8263
British Airways,Seriously BA,0,1,1,-0.7319
British Airways,Edreams,0,2,2,-0.4854
British Airways,Munich BA,0,1,1,-0.6597
British Airways,Kahina Ladjouze,1,0,1,0.6258
British Airways,Boris Johnson’s,1,0,1,0.7778
British Airways,Madeline Thomas,1,0,1,0.8658
British Airways,Chirstmas,1,0,1,0.9599
British Airways,Mani,1,0,1,0.9992
British Airways,Nicolas Feuillatte,1,0,1,0.9979
British Airways,Santorini,2,3,5,0.17696
British Airways,Lyon,0,3,3,-0.8608666666666668
British Airways,HK,0,1,1,-0.7335
British Airways,Ref,1,0,1,0.9033
British Airways,covid-19,0,1,1,-0.7634
British Airways,Goa,1,0,1,0.9715
British Airways,Mum,0,1,1,-0.4512
British Airways,Sadly Mum,0,1,1,-0.4512
British Airways,Webjet,0,1,1,-0.4512
British Airways,Ciara,0,1,1,-0.563
British Airways,Josey,1,0,1,0.9432
British Airways,mybeef,1,0,1,0.967
British Airways,Yoghurt,1,0,1,0.967
British Airways,Julie,1,0,1,0.6588
British Airways,Florencia,1,0,1,0.9117
British Airways,Tiger,0,1,1,-0.862
British Airways,Vegas,1,2,3,-0.06493333333333333
British Airways,a BA Gold,1,1,2,0.05395
British Airways,Eco,1,0,1,0.9816
British Airways,Abuja,0,1,1,-0.4497
British Airways,Found,0,1,1,-0.7906
British Airways,Arrived Heathrow,0,1,1,-0.8906
British Airways,Michael Croft's,1,0,1,0.7876
British Airways,Palma,0,2,2,-0.8463
British Airways,Amelia,1,0,1,0.9294
British Airways,Mykonos,0,1,1,-0.8957
British Airways,Freezing,0,1,1,-0.8573
British Airways,Pasta,1,0,1,0.7998
British Airways,BA762 Heathrow,1,0,1,0.9795
British Airways,Dirham,0,1,1,-0.2964
British Airways,Pyjamas,1,0,1,0.9788
British Airways,Seychelles,1,0,1,0.9802
British Airways,Heathrow T5,1,0,1,0.9592
British Airways,Flew Tel Aviv,1,0,1,0.4119
British Airways,ying-yang,0,1,1,-0.9925
British Airways,paramedic,1,0,1,0.9475
British Airways,Leeds,2,0,2,0.982
British Airways,Buenos Aires,0,1,1,-0.7232
British Airways,Demeanour,1,0,1,0.9944
British Airways,Rome Fiumicino,1,0,1,0.9682
British Airways,Brandy,1,0,1,0.8914
British Airways,Mrs,0,1,1,-0.9732
British Airways,Iberia CS,0,1,1,-0.6981
British Airways,Jumbo,1,1,2,-0.09260000000000002
British Airways,Husband,1,0,1,0.775
British Airways,Galley,1,0,1,0.775
British Airways,Flight Abu Dhabi,0,1,1,-0.8883
British Airways,Leeds Bradford,3,2,5,0.41048
British Airways,Worcester,1,0,1,0.9897
British Airways,Tuscany,1,0,1,0.9911
British Airways,buff,1,0,1,0.9911
British Airways,Skyscanner,1,0,1,0.1901
British Airways,Flew BA,1,0,1,0.9432
British Airways,Online Check,1,0,1,0.9504
British Airways,ps,0,1,1,-0.9509
British Airways,VOD,0,2,2,-0.7656
British Airways,tomato rice,1,0,1,0.987
British Airways,Dessert,1,1,2,0.028449999999999975
British Airways,Lanzarote,1,0,1,0.4135
British Airways,Easyjet,4,0,4,0.6071
British Airways,Surface,1,0,1,0.9951
British Airways,Airline,1,0,1,0.9951
British Airways,Ying/Yang,0,1,1,-0.9476
British Airways,Accra,1,2,3,-0.15813333333333335
British Airways,The Concorde Room,2,0,2,0.9916499999999999
British Airways,Curry,0,1,1,-0.7391
British Airways,Wine 2,1,0,1,0.6074
British Airways,bin,2,0,2,0.8025
British Airways,Concorde Room,3,1,4,0.5256500000000001
British Airways,Gordon,1,0,1,0.9494
British Airways,Ali,1,0,1,0.9927
British Airways,Kennedy,1,0,1,0.3392
British Airways,Lamb Machboos,1,0,1,0.9992
British Airways,Witty,1,0,1,0.9992
British Airways,Thankfully BA airline,1,0,1,0.6494
British Airways,Düsseldorf,1,1,2,0.10370000000000001
British Airways,Hummus,0,1,1,-0.897
British Airways,Biz,2,1,3,0.4033333333333333
British Airways,jerk chicken,1,0,1,0.9964
British Airways,Virgin Atlantic,2,0,2,0.97875
British Airways,Soya Milk - the,0,1,1,-0.9855
British Airways,blurry,1,0,1,0.9821
British Airways,Murcia,1,0,1,0.9776
British Airways,Goswami,1,0,1,0.9905
British Airways,Lauren Perrier,0,1,1,-0.8133
British Airways,Fine Cornish,1,0,1,0.8053
British Airways,Linate,0,1,1,-0.9086
British Airways,London Galwick,0,1,1,-0.6429
British Airways,ravioli pasta,0,1,1,-0.0027
British Airways,62J,0,1,1,-0.8458
British Airways,Champagne,3,0,3,0.9746333333333334
British Airways,Mahon,0,1,1,-0.3602
British Airways,Heathrow,0,1,1,-0.3602
British Airways,Cue BA,0,1,1,-0.3602
British Airways,Hertfordshire,1,0,1,0.7955
British Airways,Roman Holiday,1,0,1,0.943
British Airways,banana bread,1,0,1,0.943
British Airways,Steptoe,1,0,1,0.943
British Airways,Nosier,1,0,1,0.9953
British Airways,Flew Barcelona,0,1,1,-0.4215
British Airways,Jancis Robinson,0,1,1,-0.1441
British Airways,Hugh Johnson,0,1,1,-0.1441
British Airways,Islay,0,1,1,-0.9615
British Airways,Flew Tampa,0,1,1,-0.8339
British Airways,Flew Belfast,0,1,1,-0.717
British Airways,Spencer,2,2,4,0.148325
British Airways,Learnt,0,1,1,-0.8449
British Airways,Quickly,1,0,1,0.566
British Airways,Flew Chicago,0,1,1,-0.97
British Airways,Thomas Cook,1,1,2,-0.024099999999999955
British Airways,Jet,2,0,2,0.8954
British Airways,Spinach,1,0,1,0.1884
British Airways,Spinach Lasagne,1,0,1,0.1884
British Airways,Ying/yang,1,0,1,0.7814
British Airways,Osnabrück,0,1,1,-0.851
British Airways,Service Ryanair,1,0,1,0.9645
British Airways,Overall BA,0,1,1,-0.9231
British Airways,Willie Walsh,1,2,3,-0.2123333333333333
British Airways,Ryan Air,1,0,1,0.8798
British Airways,Pret,1,0,1,0.8798
British Airways,Berlin Tegel,2,1,3,0.48456666666666665
British Airways,Cruz,1,4,5,-0.24946000000000002
British Airways,Flew Funchal,1,0,1,0.9838
British Airways,Verified,0,3,3,-0.5148333333333334
British Airways,Flew Cape Town,0,1,1,-0.981
British Airways,Flew Düsseldorf,0,1,1,-0.128
British Airways,Victoria Falls,2,0,2,0.325
British Airways,Jaffa,0,1,1,-0.8525
British Airways,Chin,0,1,1,-0.8106
British Airways,Flt BA,0,1,1,-0.8106
British Airways,Bari,3,1,4,0.57625
British Airways,Gatwick South,1,0,1,0.8217
British Airways,Fast Track,1,0,1,0.8587
British Airways,Grand Cayman,1,0,1,0.8883
British Airways,Jersey,1,0,1,0.5638
British Airways,Engliah,1,0,1,0.873
British Airways,Kalamata,1,1,2,-0.19975
British Airways,Biarritz,1,0,1,0.9183
British Airways,Zakinthos,2,0,2,0.75875
British Airways,Mrs B,1,0,1,0.5361
British Airways,Grey Goose,1,0,1,0.8338
British Airways,Mac,1,0,1,0.9923
British Airways,Elemis,0,1,1,-0.8499
British Airways,Bologna,2,0,2,0.8833500000000001
British Airways,Flew Zurich,0,1,1,-0.743
British Airways,nightmar,1,0,1,0.5574
British Airways,OneWorld Emerald,1,0,1,0.5574
British Airways,Woken,1,0,1,0.9128
British Airways,T5 North,1,1,2,0.02325000000000005
British Airways,Wizz,0,1,1,-0.8703
British Airways,Flew Vancouver,1,0,1,0.914
British Airways,Skyways,0,1,1,-0.7956
British Airways,Marco Polo,0,1,1,-0.2684
British Airways,Gold,2,1,3,0.3352666666666666
British Airways,Henriot,1,0,1,0.9879
British Airways,BoB,1,0,1,0.9879
British Airways,Bland,0,1,1,-0.8883
British Airways,a BA Exec Silver,0,1,1,-0.9625
British Airways,Joe,0,1,1,-0.9625
British Airways,Flew Accra,0,1,1,-0.8671
British Airways,Golden Lounge,1,0,1,0.9891
British Airways,Sorry BA,0,1,1,-0.9365
British Airways,Charles De Gaulle,1,0,1,0.3474
British Airways,Easy,1,0,1,0.3474
British Airways,Baileys,1,0,1,0.8671
British Airways,Flew Valencia,0,1,1,-0.9874
British Airways,Bye BA,1,0,1,0.9932
British Airways,Biz Class,0,1,1,-0.9843
British Airways,Tasting Menu,0,1,1,-0.8366
British Airways,Greggs,1,0,1,0.4255
British Airways,Ruined Xmas,0,1,1,-0.6769
British Airways,Amsterdam Schipol,1,0,1,0.9514
British Airways,Schipol,1,0,1,0.9514
British Airways,Elizabeth,1,0,1,0.5509
British Airways,Cunard,1,0,1,0.5509
British Airways,Flew Manchester,1,0,1,0.9491
British Airways,Zürich,1,0,1,0.9851
British Airways,EasyJet,2,0,2,0.5177
British Airways,Loch Fyne Kinglas,1,0,1,0.9604
British Airways,Alex Cruze,0,1,1,-0.9439
British Airways,Rolex,1,0,1,0.8566
British Airways,Gucci,1,0,1,0.8566
British Airways,a BA Gold Guest,0,1,1,-0.958
British Airways,Santiago,1,0,1,0.7836
British Airways,Mr Walsh,0,1,1,-0.4077
British Airways,Señor Cruz,1,0,1,0.46
British Airways,yuck,1,0,1,0.46
British Airways,London LGW,0,1,1,-0.3559
British Airways,Baby,0,1,1,-0.8878
British Airways,Nespresso,0,1,1,-0.9759
British Airways,Álex Cruz,1,0,1,0.9733
British Airways,Turning BA,1,0,1,0.9733
British Airways,a Kit Kat',1,0,1,0.9596
British Airways,Changi,1,0,1,0.9228
British Airways,woud,0,1,1,-0.9945
British Airways,the BA Exec,0,1,1,-0.7736
British Airways,Crumbs,1,0,1,0.8958
British Airways,Unverified|  Gatwick to Bridgetown,0,1,1,-0.9512
British Airways,Flew Gatwick,1,0,1,0.4889
British Airways,Ying-Yang,0,1,1,-0.9422
British Airways,Tier Point,1,0,1,0.6808
British Airways,London Heathrow - Pisa,1,0,1,0.9681
Air India,Agin,0,1,1,-0.8732
Air India,Bangalore,2,3,5,-0.13848
Air India,Lesson,0,1,1,-0.9923
Air India,Whatsapp,0,1,1,-0.9786
Air India,Bij de zitplaatsen,0,1,1,-0.4516
Air India,functioneerde de TV,0,1,1,-0.4516
Air India,De klantenservice van Air,0,1,1,-0.4516
Air India,niet mogelijk,0,1,1,-0.4516
Air India,omdat de,0,1,1,-0.4516
Air India,Gatwick Amritsar,0,1,1,-0.7964
Air India,JFK,20,18,38,0.04998684210526315
Air India,Rajat Raghav,0,1,1,-0.9295
Air India,Guwahati,1,3,4,-0.10655
Air India,Naveen Sikka,1,0,1,0.949
Air India,Hindi,3,2,5,0.13136
Air India,Cabin,44,19,64,0.35354062500000005
Air India,rajkumar,0,1,1,-0.765
Air India,Ryanair,1,1,2,-0.006799999999999973
Air India,Virgin,1,1,2,0.045899999999999996
Air India,Chennai T4,0,1,1,-0.9263
Air India,Cloth napkin,0,1,1,-0.6407
Air India,WiFi,4,4,8,0.07573749999999999
Air India,Smooth Transfer,1,0,1,0.5591
Air India,Trip,1,5,6,-0.46016666666666667
Air India,Thiruvanthapuram,2,0,2,0.9789
Air India,Flights,6,1,7,0.46332857142857137
Air India,Pranali,1,0,1,0.9919
Air India,ABBU,1,0,1,0.991
Air India,A320Neo,1,0,1,0.9758
Air India,LHR,0,1,1,-0.8349
Air India,London Heathrow,4,6,10,-0.17937999999999996
Air India,i.e Fly,1,0,1,0.4939
Air India,Flew JFK-HYD-JFK,0,1,1,-0.6448
Air India,Agartala,2,1,3,0.3330666666666667
Air India,Kolkata,3,11,14,-0.39506428571428576
Air India,Avishek Dhar,1,0,1,0.9796
Air India,Lady Diana,1,0,1,0.9738
Air India,millet,0,1,1,-0.5002
Air India,Cochin,4,5,9,-0.12163333333333338
Air India,Ticket Counter,0,1,1,-0.9013
Air India,Freezing aircon,0,1,1,-0.9735
Air India,Rang,0,1,1,-0.9735
Air India,Khushboo,1,0,1,0.9669
Air India,Zippo,0,1,1,-0.9885
Air India,bin,0,1,1,-0.9885
Air India,Neo,1,0,1,0.9935
Air India,A350s,1,0,1,0.9935
Air India,Chicken korma,1,0,1,0.9935
Air India,Extras,1,0,1,0.9935
Air India,Whopping 10/10 Overall,1,0,1,0.9935
Air India,Screens,0,5,5,-0.80604
Air India,Heard Bad,0,1,1,-0.9116
Air India,Ratan Tata,0,1,1,-0.9859
Air India,Aanchal,1,0,1,0.9886
Air India,Etihad,1,0,1,0.9876
Air India,Max,0,1,1,-0.4118
Air India,Cons,1,0,1,0.851
Air India,Jain,1,1,2,0.03360000000000002
Air India,Pushback,2,0,2,0.8978999999999999
Air India,cancelled.-,1,0,1,0.2105
Air India,Goa,7,14,21,-0.39592380952380957
Air India,Hangar,1,0,1,0.8706
Air India,Aircrafts,1,0,1,0.6249
Air India,Chennai,1,0,1,0.6369
Air India,Mohammed,1,0,1,0.4145
Air India,London Gatwick,0,1,1,-0.3875
Air India,Veg,1,3,4,-0.310375
Air India,Monica,1,0,1,0.9716
Air India,Hiren,1,0,1,0.9716
Air India,Rice,2,1,3,0.08543333333333336
Air India,Rusty,0,1,1,-0.9771
Air India,Tenzen,1,0,1,0.9769
Air India,Appalling,0,1,1,-0.9906
Air India,Said,1,0,1,0.8725
Air India,Sohoni,1,0,1,0.9432
Air India,Mishra,1,0,1,0.9432
Air India,Ms Padma,1,0,1,0.9925
Air India,Purser,0,1,1,-0.2391
Air India,Alcohol,1,0,1,0.8981
Air India,Kochi,1,3,4,-0.37145
Air India,jack connector,0,1,1,-0.7497
Air India,Outward,2,1,3,0.29616666666666663
Air India,Sreens,0,1,1,-0.9439
Air India,Tvs,0,1,1,-0.863
Air India,Covid,4,2,6,0.4575
Air India,Emphasis,1,0,1,0.9592
Air India,Kalpana,1,0,1,0.9374
Air India,Sula,1,0,1,0.6808
Air India,Reached,0,1,1,-0.9382
Air India,Lunch,1,1,2,-0.44715
Air India,Infant,0,2,2,-0.85335
Air India,8hrs,1,0,1,0.6549
Air India,Sydney,1,1,2,-0.1008
Air India,Hrs,0,2,2,-0.5755
Air India,Apps,0,1,1,-0.8086
Air India,Srinagar,2,1,3,0.31683333333333336
Air India,AC,0,1,1,-0.8292
Air India,10 Hrs,0,1,1,-0.872
Air India,Biz,1,1,2,-0.015749999999999986
Air India,Cabin Crew,2,2,4,0.078375
Air India,Tomato,1,0,1,0.9798
Air India,Flyer,1,0,1,0.9916
Air India,Trivandrum,1,2,3,-0.2003
Air India,Food Tray,0,1,1,-0.9577
Air India,Multimedia,0,1,1,-0.9577
Air India,Kolhapur,0,1,1,-0.9666
Air India,Indore,0,1,1,-0.9154
Air India,max 3pm,0,1,1,-0.9438
Air India,LEGIT,0,1,1,-0.9438
Air India,Ruwan,1,0,1,0.9705
Air India,Rohit,1,0,1,0.9705
Air India,Crew,1,0,1,0.4316
Air India,covid-19,0,1,1,-0.9253
Air India,Airnz,0,1,1,-0.9301
Air India,G.,0,1,1,-0.7096
Air India,Raipur,0,4,4,-0.26225
Air India,Jharsuguda,0,1,1,-0.1513
Air India,Onboard,3,2,5,0.14632
Air India,Arif,1,0,1,0.5187
Air India,Udaipur,3,1,4,0.197725
Air India,Journey,1,0,1,0.9598
Air India,Ground Saff,0,1,1,-0.8122
Air India,Colombo,1,0,1,0.2919
Air India,Dimapur,0,2,2,-0.6353
Air India,Dimapur AI,0,1,1,-0.9889
Air India,Reached Delhi,0,1,1,-0.9647
Air India,biryani,1,0,1,0.9312
Air India,Baggage,1,1,2,0.000250000000000028
Air India,dessert,4,1,5,0.7703
Air India,semana santa,0,1,1,-0.7574
Air India,el espacio,0,1,1,-0.7574
Air India,de Pakistán,0,1,1,-0.7574
Air India,rentables salen,0,1,1,-0.7574
Air India,el vuelo desviando la trayectoria para,0,1,1,-0.7574
Air India,Bhaji,1,0,1,0.8857
Air India,Birmingham Airport,0,1,1,-0.2023
Air India,Ail India,0,1,1,-0.9114
Air India,Idli,1,0,1,0.9546
Air India,Spicejet,1,0,1,0.9546
Air India,App,0,1,1,-0.8748
Air India,Jor Bagh,0,1,1,-0.9075
Air India,Verdict,1,0,1,0.1633
Air India,Supervisor,0,3,3,-0.7901000000000001
Air India,kathmandhu,1,0,1,0.0258
Air India,Nah,0,1,1,-0.8468
Air India,Bhubaneswar,2,0,2,0.9906999999999999
Air India,Flew Newark,0,1,1,-0.6715
Air India,Flew Bangkok,0,1,1,-0.6679
Air India,Gluten Free,3,0,3,0.9815999999999999
Air India,Tray,0,1,1,-0.9169
Air India,Recliner,0,1,1,-0.9169
Air India,Landing,1,0,1,0.9192
Air India,Flew Kochi,2,0,2,0.9471
Air India,Namaskar,2,0,2,0.5209
Air India,paneer kofta,0,1,1,-0.0027
Air India,CR Card,0,1,1,-0.974
Air India,Noise Reducing,0,1,1,-0.2153
Air India,paneer masala,1,0,1,0.8658
Air India,"US2,000",0,1,1,-0.6989
Air India,orange juice,1,0,1,0.9806
Air India,veg hara,1,0,1,0.9806
Air India,omlette,1,0,1,0.743
Air India,Colombo Fri,1,0,1,0.8178
Air India,Flew Birmingham,1,1,2,0.03460000000000002
Air India,Galley,1,0,1,0.9555
Air India,Verified Review| Flew,0,1,1,-0.9494
Air India,Verified,1,0,1,0.6057
Air India,Kochin,1,0,1,0.8632
Air India,Harry Met Sally,1,0,1,0.9614
Air India,SQ,1,0,1,0.9823
Air India,Plane,1,0,1,0.8459
Air India,Flew Kathmandu,1,0,1,0.0772
Air India,Bhubaneshwar,2,0,2,0.46175000000000005
Air India,Melbourne,1,1,2,0.35785
Air India,neigbhbour,1,0,1,0.723
Air India,Pajamas,1,0,1,0.8328
Air India,Comfort,0,1,1,-0.7952
Air India,Smoothies,1,0,1,0.9274
Air India,Drinks,2,0,2,0.85215
Air India,Prefer Jet,0,1,1,-0.4951
Air India,Flew Chicago,1,0,1,0.1723
Air India,LH,1,0,1,0.9292
Air India,Jet,0,1,1,-0.8218
Air India,JFK-Delhi,0,1,1,-0.5978
Air India,AI144,1,0,1,0.9081
Air India,AI342 BOM-SIN,1,0,1,0.886
Air India,Sharjah,1,0,1,0.7964
Air India,Flew Chennai-Mumbai,1,0,1,0.9266
Air India,Flew Munich-Delhi,1,0,1,0.796
Air India,Chicken Vegetarian,1,0,1,0.7841
Air India,Bose,0,1,1,-0.85
Air India,Via Delhi,0,1,1,-0.9793
Air India,Dreamliner,1,1,2,0.45435000000000003
Air India,Wifi,1,0,1,0.9894
Air India,B787 Dreamliner,1,0,1,0.9778
Air India,JFK-DEL,0,2,2,-0.8257
Air India,Delhi-Kolkata,1,0,1,0.8118
Air India,curry,1,0,1,0.9921
Air India,Eaton Smart Hotel,1,0,1,0.9936
Air India,Sams Pods - Ideal,1,0,1,0.9936
Air India,Scrambled,1,0,1,0.9933
Air India,AI310 BOM-DEL,1,0,1,0.8151
Air India,Vegetarian Lacto-Ovo,1,0,1,0.9906
Air India,Smooth,1,0,1,0.9875
Air India,Exit,1,0,1,0.9875
Air India,Reached Delhi half an hour,1,0,1,0.9136
Air India,Flew MEL-DEL,1,0,1,0.7513
Air India,FRA-CCU-FRA,1,0,1,0.8958
Air India,FRA-DEL,1,0,1,0.8958
Air India,scotch whisky,1,0,1,0.2807
Air India,Gaya,0,1,1,-0.6597
Air India,Yangoon-Gaya- Kolkata,0,1,1,-0.6597
Air India,Bollywood,2,0,2,0.98775
Air India,St Paul,1,0,1,0.9628
Air India,Chennai-Singapore,0,1,1,-0.886
Air India,Chennai Goa,0,1,1,-0.886
Air India,Kolkata Silchar,1,0,1,0.4215
Air India,Port Blair,1,0,1,0.7783
Air India,etc.-,1,0,1,0.9708
Air India,Chandigarh,0,1,1,-0.8192
Air India,Aircraft A321,1,0,1,0.6705
Air India,Mangalore,1,0,1,0.9217
Air India,Changi,0,1,1,-0.8453
Air India,JFK-DEL-JFK,2,0,2,0.97085
Air India,VOD,1,0,1,0.9576
Air India,Nepal,0,1,1,-0.7906
Indigo Airlines,Chicken Biryani,0,1,1,-0.9919
Indigo Airlines,Paneer Tikka Sandwich,0,1,1,-0.9919
Indigo Airlines,Bir,1,0,1,0.2732
Indigo Airlines,Cochin,2,2,4,0.020100000000000003
Indigo Airlines,Vismaya,0,1,1,-0.9777
Indigo Airlines,Mr Gurprakash,1,0,1,0.8391
Indigo Airlines,Chicken Junglee,1,0,1,0.9781
Indigo Airlines,Karthik,1,0,1,0.9883
Indigo Airlines,Bangalore,1,2,3,-0.3159
Indigo Airlines,2 Check,1,0,1,0.9883
Indigo Airlines,Infant,1,1,2,0.2589
Indigo Airlines,Jammu,1,0,1,0.7275
Indigo Airlines,Trip,1,0,1,0.0258
Indigo Airlines,Tiruchirapalli,1,0,1,0.4404
Indigo Airlines,Guwahati,2,2,4,0.118775
Indigo Airlines,Sakthipriya T,1,0,1,0.4404
Indigo Airlines,Ghar jaiye,1,0,1,0.9426
Indigo Airlines,Cabin,17,2,19,0.6477894736842105
Indigo Airlines,Paneer Bhatti,1,0,1,0.5023
Indigo Airlines,Chicken Noodles,0,1,1,-0.8934
Indigo Airlines,Sabiya,1,0,1,0.7906
Indigo Airlines,Aarti,1,0,1,0.9895
Indigo Airlines,Udaipur,4,3,7,0.3028285714285714
Indigo Airlines,Varsha,1,0,1,0.9545
Indigo Airlines,Trichy,1,0,1,0.154
Indigo Airlines,Chandigarh,0,3,3,-0.6486333333333333
Indigo Airlines,Flight Cabin Crew,2,0,2,0.9758
Indigo Airlines,Saroj,1,0,1,0.9758
Indigo Airlines,Roshani,4,0,4,0.9758
Indigo Airlines,Hats,1,0,1,0.9758
Indigo Airlines,Hindi,0,1,1,-0.4933
Indigo Airlines,Trivandrum,3,4,7,-0.1854
Indigo Airlines,Srinagar,1,0,1,0.3877
Indigo Airlines,Virgin,0,1,1,-0.8679
Indigo Airlines,Hospitality,0,1,1,-0.9688
Indigo Airlines,3 Kg,0,1,1,-0.9688
Indigo Airlines,Vagneshwari,1,0,1,0.9597
Indigo Airlines,Ms Dhara,1,0,1,0.9306
Indigo Airlines,Adhil,1,0,1,0.9306
Indigo Airlines,App,1,1,2,0.029700000000000004
Indigo Airlines,T1,1,0,1,0.946
Indigo Airlines,Hand Bag,0,1,1,-0.7863
Indigo Airlines,Counter,1,1,2,-0.16075
Indigo Airlines,Kiwi.com,1,0,1,0.5986
Indigo Airlines,Safari,0,1,1,-0.4624
Indigo Airlines,Chrome,0,1,1,-0.4624
Indigo Airlines,Guy,0,1,1,-0.4624
Indigo Airlines,Vistara,0,1,1,-0.4624
Indigo Airlines,GREED,0,1,1,-0.4624
Indigo Airlines,Vododhara,0,1,1,-0.8779
Indigo Airlines,Ryanair,1,1,2,0.1643
Indigo Airlines,Goa,7,4,11,0.4144454545454545
Indigo Airlines,Kozhikode,0,1,1,-0.6808
Indigo Airlines,Kolkata,8,0,8,0.7904875
Indigo Airlines,Reach Ahmedabad,1,0,1,0.921
Indigo Airlines,Beverage - Paid,0,1,1,-0.631
Indigo Airlines,Darwin,1,0,1,0.8271
Indigo Airlines,Mrs Ruchika,1,0,1,0.9794
Indigo Airlines,Delay,0,1,1,-0.802
Indigo Airlines,Rs,1,0,1,0.6808
Indigo Airlines,max Rs 350,1,0,1,0.6808
Indigo Airlines,RS,0,1,1,-0.5574
Indigo Airlines,Miss Manisha Kaim,1,0,1,0.926
Indigo Airlines,Joyce - Based,1,0,1,0.9296
Indigo Airlines,Nepal,0,1,1,-0.6935
Indigo Airlines,Chennai,0,1,1,-0.6935
Indigo Airlines,Swift,1,0,1,0.8176
Indigo Airlines,Chirag,2,0,2,0.9365
Indigo Airlines,Satendra,1,0,1,0.9684
Indigo Airlines,Covid,2,1,3,0.33823333333333333
Indigo Airlines,Cabin Crew,3,0,3,0.8122666666666666
Indigo Airlines,London Heathrow,0,1,1,-0.6055
Indigo Airlines,Agartala,1,0,1,0.6855
Indigo Airlines,Aishwarya,1,0,1,0.8405
Indigo Airlines,Raipur,1,0,1,0.2023
Indigo Airlines,0450,0,1,1,-0.3506
Indigo Airlines,Good Airline,1,0,1,0.6249
Indigo Airlines,Nagraj,1,0,1,0.9476
Indigo Airlines,Male,1,0,1,0.9752
Indigo Airlines,Onboard,1,1,2,0.02034999999999998
Indigo Airlines,Ahmadabad,0,1,1,-0.9388
Indigo Airlines,Jaipur to Lucknow,1,0,1,0.7346
Indigo Airlines,Sharjah,0,2,2,-0.9618
Indigo Airlines,Tufeeq,0,1,1,-0.1545
Indigo Airlines,Errana,0,1,1,-0.1545
Indigo Airlines,Arpita,0,1,1,-0.1545
Indigo Airlines,Jaipur via Bangalore,1,0,1,0.2869
Indigo Airlines,Kannur,0,1,1,-0.9136
Indigo Airlines,Vizag,1,0,1,0.2831
Indigo Airlines,Vadodara,1,0,1,0.3697
Indigo Airlines,Crew,1,0,1,0.9168
Indigo Airlines,Bhubaneswar,2,2,4,0.0869
Indigo Airlines,god,1,0,1,0.9509
Indigo Airlines,Udaipur - Delhi,0,1,1,-0.631
Indigo Airlines,Uber,1,0,1,0.945
Indigo Airlines,Dimapur,2,0,2,0.9336
Indigo Airlines,Cal,0,2,2,-0.4561
Indigo Airlines,Journey,1,0,1,0.975
Indigo Airlines,Pegasus,1,0,1,0.9888
Indigo Airlines,Supervisor,1,0,1,0.9823
Indigo Airlines,Verified Review| Flew,3,0,3,0.9366333333333333
Indigo Airlines,Port Blair,2,0,2,0.9515
Indigo Airlines,Udaipur-Mumbai,1,0,1,0.7735
Indigo Airlines,Flights,2,0,2,0.6115999999999999
Indigo Airlines,Verified,1,0,1,0.75
Indigo Airlines,"3,600INR",0,1,1,-0.836
Indigo Airlines,Flew Bangkok,1,0,1,0.9285
Indigo Airlines,Speedy,1,0,1,0.7958
Indigo Airlines,Aisle,0,1,1,-0.6891
Indigo Airlines,Poona,1,0,1,0.8934
Indigo Airlines,Bangalore Airport,0,1,1,-0.968
Indigo Airlines,Chennai Jaipur,1,0,1,0.8222
Indigo Airlines,Flew MAA-AMD,1,0,1,0.802
Indigo Airlines,Flew Delhi-Chennai-Coimbatore,2,0,2,0.875
Indigo Airlines,airy decor aircraft,1,0,1,0.902
Indigo Airlines,Flew Kolkata-Bangalore,1,0,1,0.7787
Indigo Airlines,Indigo,1,0,1,0.7783
Indigo Airlines,BOB,1,0,1,0.9136
Indigo Airlines,KF,1,0,1,0.513
Indigo Airlines,Madras,1,0,1,0.9595
Indigo Airlines,Rs300,1,0,1,0.8598
Indigo Airlines,Kolkata-Jaipur,1,0,1,0.6486
Indigo Airlines,Veg Sandwich,1,0,1,0.8957
Qatar Airways,Trip,9,4,13,0.45255384615384614
Qatar Airways,Onboard,20,7,27,0.534337037037037
Qatar Airways,WiFi,37,11,48,0.5398395833333335
Qatar Airways,A350s,2,1,3,0.5007
Qatar Airways,Bos,1,0,1,0.9309
Qatar Airways,Cabin,91,13,104,0.7585807692307689
Qatar Airways,Düsseldorf,1,2,3,-0.22019999999999998
Qatar Airways,JFK,14,11,27,0.2324629629629629
Qatar Airways,Melb,2,0,2,0.95245
Qatar Airways,Yu Hee,2,0,2,0.9955
Qatar Airways,Michelin,1,0,1,0.9868
Qatar Airways,Doha Hamad Airport,1,0,1,0.9884
Qatar Airways,Departed,1,0,1,0.9884
Qatar Airways,London Gatwick,1,0,1,0.9962
Qatar Airways,London Heathrow,17,6,23,0.5096826086956522
Qatar Airways,Hristina,3,0,3,0.9761000000000001
Qatar Airways,Hamad,18,4,22,0.6833272727272728
Qatar Airways,Wifi,10,1,11,0.8253454545454545
Qatar Airways,Champagne,2,0,2,0.9427
Qatar Airways,Goa,11,3,14,0.5572214285714285
Qatar Airways,Flew Melbourne,1,0,1,0.976
Qatar Airways,Transfer,1,1,2,-0.05885000000000001
Qatar Airways,woud,0,1,1,-0.7887
Qatar Airways,a Q Suite,0,1,1,-0.8376
Qatar Airways,Q Suite,3,5,8,-0.11850000000000002
Qatar Airways,App,0,1,1,-0.9523
Qatar Airways,lo sumaron al,0,1,1,-0.9523
Qatar Airways,como superaba,0,1,1,-0.9523
Qatar Airways,nos atendió fue,0,1,1,-0.9523
Qatar Airways,nos pasa,0,1,1,-0.9523
Qatar Airways,máximo de 7-8,0,1,1,-0.9523
Qatar Airways,Yerevan,1,0,1,0.9745
Qatar Airways,Ms Santra,1,0,1,0.7146
Qatar Airways,QR901,1,0,1,0.9786
Qatar Airways,Suite,2,0,2,0.86685
Qatar Airways,Checkin,4,0,4,0.9182250000000001
Qatar Airways,Khalid,1,0,1,0.9117
Qatar Airways,Pyjamas,6,0,6,0.9616833333333333
Qatar Airways,WIFI,1,1,2,0.029899999999999982
Qatar Airways,Cedric,1,0,1,0.9712
Qatar Airways,The Cabin Crew,1,0,1,0.921
Qatar Airways,Patricia,2,0,2,0.95485
Qatar Airways,Perth,6,0,6,0.8107833333333333
Qatar Airways,Virgin Australia,1,1,2,0.17404999999999998
Qatar Airways,Curry,0,1,1,-0.9082
Qatar Airways,Flights,11,3,14,0.47135000000000005
Qatar Airways,Munich,0,1,1,-0.9219
Qatar Airways,Qsuite,2,1,3,0.41883333333333334
Qatar Airways,Mary (Cabin Services,1,0,1,0.9936
Qatar Airways,Al mourjan,1,0,1,0.9915
Qatar Airways,Baltimore Washington,0,1,1,-0.8534
Qatar Airways,Melissa,1,0,1,0.9088
Qatar Airways,Bags,1,0,2,0.4977
Qatar Airways,Bali,4,1,5,0.6476999999999999
Qatar Airways,KL,4,0,4,0.8319
Qatar Airways,Virgin,0,1,1,-0.0928
Qatar Airways,Erica,1,0,1,0.7783
Qatar Airways,Jetbridge,0,1,1,-0.7752
Qatar Airways,Pisolaya,1,0,1,0.9976
Qatar Airways,Joseph,1,0,1,0.9465
Qatar Airways,Tom,1,0,1,0.9465
Qatar Airways,Covid,12,1,13,0.7643692307692308
Qatar Airways,Bang,1,0,1,0.9938
Qatar Airways,Gatwick,5,2,7,0.2708571428571428
Qatar Airways,Tae Vi,1,0,1,0.7579
Qatar Airways,Calvin,1,0,1,0.7579
Qatar Airways,QR0274,0,1,1,-0.6287
Qatar Airways,Lounge,10,2,12,0.6057166666666668
Qatar Airways,Al Maha,5,1,6,0.7434166666666666
Qatar Airways,Hamad International,5,0,5,0.9820800000000001
Qatar Airways,Maria,1,0,1,0.8562
Qatar Airways,Stephanie,1,0,1,0.8562
Qatar Airways,Flyer,1,0,1,0.2048
Qatar Airways,Amanat,1,0,1,0.9778
Qatar Airways,Windhoek,1,1,2,0.026150000000000007
Qatar Airways,Windohek,1,0,1,0.9917
Qatar Airways,Al Mourjan,24,3,27,0.7414444444444445
Qatar Airways,Frontera Chardonnay,1,0,1,0.9381
Qatar Airways,Maison Robert Olivier Syrah,1,0,1,0.9381
Qatar Airways,Sodas,1,0,1,0.9381
Qatar Airways,max,2,0,2,0.9597
Qatar Airways,Ruan,1,0,1,0.8999
Qatar Airways,Qmiles,3,3,6,0.19526666666666662
Qatar Airways,Purser,2,0,2,0.6738
Qatar Airways,Anna,1,0,1,0.9993
Qatar Airways,Dale,1,0,1,0.9993
Qatar Airways,Supervisor,1,0,1,0.9993
Qatar Airways,5GBP,0,1,1,-0.8122
Qatar Airways,Q-Suite,1,0,1,0.957
Qatar Airways,Hattaya,1,0,1,0.957
Qatar Airways,Asil,1,0,1,0.957
Qatar Airways,Means Qatar,0,1,1,-0.6955
Qatar Airways,Audio,1,0,1,0.3197
Qatar Airways,Eric,1,0,1,0.9922
Qatar Airways,Alexandra,2,0,2,0.9934000000000001
Qatar Airways,Stewardess,1,0,1,0.8805
Qatar Airways,Plane,0,1,1,-0.7982
Qatar Airways,Lunch,2,0,2,0.7038
Qatar Airways,Janet,1,0,1,0.9525
Qatar Airways,Qatar Crew,1,0,1,0.9562
Qatar Airways,São Paulo,4,0,5,0.7506
Qatar Airways,Claire,1,0,1,0.9833
Qatar Airways,Je,2,0,2,0.9595
Qatar Airways,regretté d'avoir pris cette compagnie,1,0,1,0.9595
Qatar Airways,Depuis le COVID,1,0,1,0.9595
Qatar Airways,mais je,1,0,1,0.9595
Qatar Airways,Moi,1,0,1,0.9595
Qatar Airways,suis sûr que vous,1,0,1,0.9595
Qatar Airways,regretterez pas,1,0,1,0.9595
Qatar Airways,Mais j'espère,1,0,1,0.9595
Qatar Airways,Flew Barcelona,1,0,1,0.8573
Qatar Airways,Hisham,2,0,2,0.9612
Qatar Airways,Thankyou,1,0,1,0.9612
Qatar Airways,Leffe,1,0,1,0.9946
Qatar Airways,Flight Centre,1,0,1,0.5256
Qatar Airways,Lite,0,0,1,0.0
Qatar Airways,Marquis Doha,1,0,1,0.8146
Qatar Airways,Ying,1,0,1,0.9612
Qatar Airways,Komal,1,0,1,0.9612
Qatar Airways,Akshaya,1,0,1,0.9672
Qatar Airways,the Q Suite,1,0,1,0.9867
Qatar Airways,Al Safa,1,1,2,0.21705000000000002
Qatar Airways,Nazim,1,0,1,0.9311
Qatar Airways,Mr Nazim,1,0,1,0.9311
Qatar Airways,Miles,3,0,3,0.8793666666666667
Qatar Airways,Cabin Crew,4,2,6,0.3842666666666666
Qatar Airways,Creamy Quinoa,0,1,1,-0.9371
Qatar Airways,Edamame Salad,0,1,1,-0.9371
Qatar Airways,Gluten Free Meal,2,0,2,0.9834
Qatar Airways,Male,3,3,6,-0.17413333333333333
Qatar Airways,Doha Hamad,3,1,4,0.572975
Qatar Airways,Tushar,1,0,1,0.9467
Qatar Airways,Steward,1,0,1,0.9467
Qatar Airways,Miguel,1,0,1,0.9787
Qatar Airways,Hyeon Jin,1,0,1,0.9787
Qatar Airways,B.,2,0,2,0.96465
Qatar Airways,Dallas Ft Worth,3,1,4,0.496875
Qatar Airways,Q Suites,1,0,1,0.996
Qatar Airways,Breast Cancer,1,0,1,0.996
Qatar Airways,potato ball,1,0,1,0.996
Qatar Airways,Jolina,1,0,1,0.9481
Qatar Airways,Flew Bangkok-Doha,1,0,1,0.9741
Qatar Airways,Charles de Gaulle,0,1,1,-0.8669
Qatar Airways,Salmon,0,1,1,-0.8669
Qatar Airways,Michelle,1,0,1,0.8687
Qatar Airways,Ashwini Bhise,1,0,1,0.8687
Qatar Airways,Abdul Jaleel Palakkunnummal Muhammed,1,0,1,0.9381
Qatar Airways,Crew,1,0,1,0.9381
Qatar Airways,Gabriel,1,0,1,0.9612
Qatar Airways,Mum,3,0,3,0.8809666666666667
Qatar Airways,Aman,1,0,1,0.9136
Qatar Airways,QR947 SIN-DOH,0,1,1,-0.8658
Qatar Airways,Etihad,1,1,2,0.006399999999999961
Qatar Airways,Brisbane,3,1,4,0.545225
Qatar Airways,Flew Philadelphia,1,0,1,0.9159
Qatar Airways,Twitter,1,1,2,0.30995000000000006
Qatar Airways,Bodrum,1,0,1,0.3291
Qatar Airways,Malaga,0,1,1,-0.9067
Qatar Airways,Kiwi.com,1,0,1,0.5984
Qatar Airways,Sophia,1,0,1,0.9661
Qatar Airways,Jaswinder,1,0,1,0.9661
Qatar Airways,Manasvi,1,0,1,0.9819
Qatar Airways,Sharan,1,0,1,0.9819
Qatar Airways,QR832 DOH-BKK,0,1,1,-0.7877
Qatar Airways,Inam,1,0,1,0.974
Qatar Airways,Lauren,1,0,1,0.9801
Qatar Airways,Rohit,1,0,1,0.9897
Qatar Airways,Eman,2,0,2,0.9666
Qatar Airways,Eloisa,2,0,2,0.9345
Qatar Airways,Mohamad,1,0,1,0.9345
Qatar Airways,Ms Khusboo,2,0,2,0.9744
Qatar Airways,Qatar Diamond,1,0,1,0.3998
Qatar Airways,Quad,1,0,1,0.9876
Qatar Airways,Al Safwa,6,0,6,0.9678333333333334
Qatar Airways,jetbridge,1,0,1,0.9577
Qatar Airways,Infant,2,0,2,0.9861
Qatar Airways,miles,2,0,2,0.9924
Qatar Airways,Air Niugini,1,0,1,0.9984
Qatar Airways,Leffe Blonde,1,0,1,0.9984
Qatar Airways,Jurgita,1,0,1,0.9819
Qatar Airways,Champagnes,1,0,1,0.9769
Qatar Airways,Onboard Qsuite,0,1,1,-0.8981
Qatar Airways,Lee,1,0,1,0.8519
Qatar Airways,London Karachi,1,0,1,0.9565
Qatar Airways,Flight Purser Xavier,1,0,1,0.9053
Qatar Airways,the Al Mourjan - even,1,0,1,0.9904
Qatar Airways,Doha Sr,1,0,1,0.8537
Qatar Airways,Mgmt,1,0,1,0.8537
Qatar Airways,Beaujolais,1,0,1,0.9752
Qatar Airways,Transfer Desk,0,1,1,-0.85
Qatar Airways,Ben,2,0,2,0.9974
Qatar Airways,"Jeffery, Ghita",1,0,1,0.9467
Qatar Airways,Karak Chai,2,0,2,0.9628
Qatar Airways,Rani Vijayn,1,0,1,0.669
Qatar Airways,Inda,1,0,1,0.9654
Qatar Airways,bin,3,0,3,0.9135666666666667
Qatar Airways,Sundeep,1,0,1,0.9707
Qatar Airways,Anushka,1,0,1,0.9743
Qatar Airways,Erbil,1,0,1,0.9635
Qatar Airways,Mannan,1,0,1,0.9683
Qatar Airways,Shirin,1,0,1,0.9683
Qatar Airways,Delisha,2,0,2,0.9791
Qatar Airways,Muscat,3,0,3,0.9676333333333335
Qatar Airways,covid-19,2,0,2,0.9615
Qatar Airways,COVID-19,2,0,2,0.96
Qatar Airways,Sydney-Doha-London,0,1,1,-0.5119
Qatar Airways,Fiumicino,1,0,1,0.9619
Qatar Airways,Ms Karawan,1,0,1,0.9981
Qatar Airways,Sarawak,1,0,1,0.9819
Qatar Airways,Andrew,1,0,1,0.9726
Qatar Airways,Airline,1,0,1,0.9273
Qatar Airways,Akanksha,1,0,1,0.9146
Qatar Airways,Helsinki,1,0,1,0.2648
Qatar Airways,Plane Boeing,1,0,1,0.9577
Qatar Airways,645pm Arrival,1,0,1,0.8689
Qatar Airways,Qatar Qsuite,1,0,1,0.9934
Qatar Airways,Al Mourjan Business,1,0,1,0.9934
Qatar Airways,Miss Sakie,1,0,1,0.9574
Qatar Airways,Usama,1,0,1,0.9804
Qatar Airways,Karen,1,0,1,0.9911
Qatar Airways,Lamb,2,0,2,0.9911
Qatar Airways,Da Nang,2,0,2,0.9553
Qatar Airways,Cochin,2,0,2,0.9966
Qatar Airways,Al Safwa Lounge,1,0,1,0.9966
Qatar Airways,Godiva,2,0,2,0.9702999999999999
Qatar Airways,Katsiaryna,1,0,1,0.8807
Qatar Airways,jack,0,2,2,-0.9327
Qatar Airways,Frist,1,0,1,0.9778
Qatar Airways,a.,1,0,1,0.1786
Qatar Airways,Deyan,1,0,1,0.9761
Qatar Airways,Langkawi,0,1,1,-0.9937
Qatar Airways,Noisy Boeing,1,0,1,0.9667
Qatar Airways,Chung,1,0,1,0.9751
Qatar Airways,Brut,1,0,1,0.9374
Qatar Airways,Pajamas,3,0,3,0.9785
Qatar Airways,Porter Airline,0,1,1,-0.7617
Qatar Airways,Porter,0,5,5,-0.7981800000000001
Qatar Airways,Tbilisi,1,0,1,0.3309
Qatar Airways,Card,1,0,1,0.1027
Qatar Airways,Aspergers,0,1,1,-0.9678
Qatar Airways,Behnaz,1,0,1,0.9601
Qatar Airways,Kolkata,0,1,1,-0.3338
Qatar Airways,Hamad Airport,6,0,6,0.9204500000000001
Qatar Airways,Ahmed,1,0,1,0.9921
Qatar Airways,Diljith,1,0,1,0.9343
Qatar Airways,Yun,1,0,1,0.9325
Qatar Airways,Menu,1,0,1,0.9877
Qatar Airways,KWI—>DOH Flight,1,0,1,0.9997
Qatar Airways,Ms Uliana,1,0,1,0.9888
Qatar Airways,Saahil,1,0,1,0.9888
Qatar Airways,Melbourne,3,0,3,0.9346666666666668
Qatar Airways,Green Thai,1,0,1,0.8887
Qatar Airways,Frank Hewett,1,0,1,0.9896
Qatar Airways,Frank,1,0,1,0.9896
Qatar Airways,Al Mourjan Business Lounge,1,0,1,0.9824
Qatar Airways,Coron,0,1,1,-0.5801
Qatar Airways,Cabin WiFi,1,0,1,0.0387
Qatar Airways,London Doha,1,0,1,0.9964
Qatar Airways,Latam - ie,1,0,1,0.9645
Qatar Airways,My Q Suite,1,0,1,0.9964
Qatar Airways,Samyak,1,0,1,0.9672
Qatar Airways,Ms Divya,1,0,1,0.9607
Qatar Airways,Ms Sherry,1,0,1,0.9607
Qatar Airways,Mrs Gisella,1,0,1,0.9242
Qatar Airways,Free Wi-Fi,1,0,1,0.9753
Qatar Airways,Bangalore,1,0,1,0.6331
Qatar Airways,Lahore Boeing,1,0,1,0.5346
Qatar Airways,Porter Air,0,1,1,-0.9441
Qatar Airways,Hamad Int'l,1,0,1,0.9902
Qatar Airways,Glasgow,1,0,1,0.9225
Qatar Airways,Mohammed,1,0,1,0.9802
Qatar Airways,Flew Kigali,0,1,1,-0.9891
Qatar Airways,Sim,1,0,1,0.9894
Qatar Airways,Biz,1,1,2,-0.24409999999999998
Qatar Airways,Clark,1,0,1,0.8553
Qatar Airways,Outward,2,0,2,0.96555
Qatar Airways,congee,1,0,1,0.9911
Qatar Airways,Efficient checkin,1,0,1,0.4463
Qatar Airways,QR832 Doha,1,0,1,0.9598
Qatar Airways,Santorini,1,0,1,0.9598
Qatar Airways,QF,2,1,3,0.5942666666666666
Qatar Airways,Kleingedruckten,1,0,1,0.6652
Qatar Airways,Sitz,1,0,1,0.6652
Qatar Airways,Flew Denpasar,1,0,1,0.9602
Qatar Airways,Ground Crew,1,1,2,0.26865
Qatar Airways,Zico,1,0,1,0.9579
Qatar Airways,Vienna Check,1,0,1,0.9917
Qatar Airways,Amenity Kit,1,0,1,0.9975
Qatar Airways,Krug Champagne,1,1,2,0.47624999999999995
Qatar Airways,Flew Washington,1,0,1,0.831
Qatar Airways,Al-Mourjan,1,0,1,0.9109
Qatar Airways,Easter,2,0,2,0.93825
Qatar Airways,Hamad International Airport,1,0,1,0.9832
Qatar Airways,Hummus,1,0,1,0.9927
Qatar Airways,Pita Bread,1,0,1,0.9927
Qatar Airways,Tokaji,1,0,1,0.9753
Qatar Airways,Poznań,0,1,1,-0.5789
Qatar Airways,QR905,1,0,1,0.9342
Qatar Airways,Left Karachi,0,1,1,-0.4085
Qatar Airways,Bose,1,0,1,0.8597
Qatar Airways,Flew Miami,1,0,1,0.7985
Qatar Airways,Al Mourjan Lounge,4,0,4,0.98055
Qatar Airways,amenity kit,1,0,1,0.9963
Qatar Airways,Omelette,1,0,1,0.9948
Qatar Airways,Chicken,1,0,1,0.9948
Qatar Airways,Charles de Gaulle Airport,1,0,1,0.9948
Qatar Airways,Cabin Crews,1,0,1,0.8653
Qatar Airways,toothpaste+brush,1,0,1,0.977
Qatar Airways,Flew Doha,3,0,3,0.9458000000000001
Qatar Airways,Pol Roger,1,0,1,0.9849
Qatar Airways,Superb,3,0,3,0.8247666666666666
Qatar Airways,Flew Manchester,2,0,2,0.88135
Qatar Airways,Leeds Bradford,1,0,1,0.7767
Qatar Airways,tipsy halfway,0,1,1,-0.079
Qatar Airways,Escape,4,0,4,0.9853000000000001
Qatar Airways,WH Smith,1,0,1,0.9506
Qatar Airways,Screens,0,1,1,-0.2363
Qatar Airways,Qatars,1,0,1,0.9093
Qatar Airways,FFP Miles,1,0,1,0.9893
Qatar Airways,T5 Heathrow,1,0,1,0.9889
Qatar Airways,Flew Edinburgh,1,0,1,0.906
Qatar Airways,Berlin Tegel,1,0,1,0.233
Qatar Airways,gratin,1,0,1,0.9938
Qatar Airways,Guest Miles,1,0,1,0.9801
Qatar Airways,Luxor,1,0,1,0.4062
Qatar Airways,Departed Cairo,1,0,1,0.9707
Qatar Airways,Kozhikode,1,0,1,0.922
Qatar Airways,Flight Attendant,1,0,1,0.9489
Qatar Airways,Veg Biryani,1,0,1,0.9862
Qatar Airways,Iberia,1,0,1,0.9887
Qatar Airways,Apricot,1,0,1,0.8993
Qatar Airways,Marco Polo Lounge,1,0,1,0.886
Qatar Airways,Manila Clark,1,0,1,0.9607
Qatar Airways,Verified,3,1,4,0.5992
Qatar Airways,Denpasar Bali,2,0,2,0.9956
Qatar Airways,Michael Jackson,1,0,1,0.9926
Qatar Airways,Outward London,0,1,1,-0.5613
Qatar Airways,Brane Cantanac,1,0,1,0.9774
Qatar Airways,buff,1,0,1,0.9911
Qatar Airways,Krug,1,0,1,0.9911
Qatar Airways,Turbulence,1,0,1,0.9936
Qatar Airways,Edinburgh,2,0,2,0.972
Qatar Airways,Foster,1,0,1,0.9696
Qatar Airways,Verified Review| Flew,1,0,1,0.5023
Qatar Airways,Pol Roger Rosé,1,0,1,0.6907
Qatar Airways,Lanson Rosé,1,0,1,0.6907
Qatar Airways,Onboard Qatar Airways,1,0,1,0.9864
Qatar Airways,Doha,1,0,1,0.9747
Qatar Airways,Dessert,2,0,2,0.9406
Qatar Airways,Verified Review| Superb,1,0,1,0.9611
Qatar Airways,Dreamliner,1,1,2,0.3256
Qatar Airways,Manchester,5,0,5,0.9747199999999999
Qatar Airways,Kilmanjaro,2,0,2,0.8573
Qatar Airways,Sri Lankan,1,0,1,0.929
Qatar Airways,Onboard FA’s,1,0,1,0.9875
Qatar Airways,Billecart Salmon,1,0,1,0.9725
Qatar Airways,Flew Mumbai,1,0,1,0.9056
Qatar Airways,Toothpaste,1,0,1,0.9437
Qatar Airways,dessert,0,1,1,-0.9022
Qatar Airways,Onboard Wifi,1,0,1,0.974
Qatar Airways,champagne,1,0,1,0.9872
Qatar Airways,QR904,1,0,1,0.5927
Qatar Airways,Miso,0,1,1,-0.8799
Qatar Airways,Kochi,1,0,1,0.9246
Qatar Airways,7h50m.,0,1,1,-0.4389
Qatar Airways,Auckland,0,1,1,-0.6696
Qatar Airways,Track,1,0,1,0.7678
Qatar Airways,Flew Hanoi - Bangkok - Doha - Copenhagen,1,0,1,0.8465
Qatar Airways,Si perfume,1,0,1,0.9875
Qatar Airways,Durban King,1,0,1,0.9081
Qatar Airways,Shaka,1,0,1,0.9081
Qatar Airways,Barramundi,1,0,1,0.9525
Qatar Airways,pyjama,1,0,1,0.2263
Qatar Airways,Limousine,1,0,1,0.9022
Qatar Airways,Dine,1,0,1,0.6943
Qatar Airways,Potato Head,1,0,1,0.8074
Qatar Airways,Monopoly,1,0,1,0.8074
Qatar Airways,Gewürztraminer,1,0,1,0.9626
Qatar Airways,Denpasar,1,0,1,0.9945
Qatar Airways,Alexandria,0,4,4,-0.0394
Qatar Airways,Xmas,1,0,1,0.9802
Qatar Airways,Valrhona,1,0,1,0.951
Qatar Airways,D24,0,1,1,-0.0126
Qatar Airways,Cheaper Champagne,0,1,1,-0.0126
Qatar Airways,Small Aircrafts,0,1,1,-0.8729
Qatar Airways,Lesson,1,0,1,0.9603
Qatar Airways,Felt,1,0,1,0.973
Qatar Airways,Marco Polo Account,1,0,1,0.9801
Qatar Airways,Australian Shiraz,1,0,1,0.9801
Qatar Airways,Shiraz,3,0,3,0.9396999999999999
Qatar Airways,L'Occitane,1,0,1,0.9801
Qatar Airways,Handbaggage X-Ray,1,0,1,0.9502
Qatar Airways,Knocks,1,0,1,0.9459
United Airlines,Belo Horizonte,1,0,1,0.8658
United Airlines,Azul,1,0,1,0.8658
United Airlines,Polaris Class,2,0,2,0.96975
United Airlines,Appetizer,1,0,1,0.9803
United Airlines,Dessert,1,1,2,0.32539999999999997
United Airlines,Scott Kirby,2,0,2,0.6067
United Airlines,Patti,2,0,2,0.9879
United Airlines,Sandra,1,0,1,0.9879
United Airlines,Lisa,1,0,1,0.9879
United Airlines,Dawn,1,0,1,0.9879
United Airlines,Trip,8,3,11,0.4298181818181818
United Airlines,Arturo,5,0,5,0.9852000000000001
United Airlines,Düsseldorf,1,0,1,0.9415
United Airlines,Idk,0,1,1,-0.9666
United Airlines,FRA,0,1,1,-0.9968
United Airlines,FROZEN,0,1,1,-0.223
United Airlines,Maria,0,1,1,-0.9611
United Airlines,Madison,0,2,2,-0.8793
United Airlines,Head Attendant,0,1,1,-0.9699
United Airlines,Cancun,5,6,11,-0.06431818181818182
United Airlines,Wifi,3,5,8,-0.18425000000000002
United Airlines,Continental Micronesia,1,0,1,0.6939
United Airlines,Z. Purchasing,1,0,1,0.0997
United Airlines,Rosa,4,0,4,0.9927
United Airlines,Lufthansa,0,1,1,-0.2523
United Airlines,CI,1,0,1,0.9287
United Airlines,SQ,1,0,1,0.9287
United Airlines,JFK,8,3,11,0.4023818181818182
United Airlines,App,1,4,5,-0.52314
United Airlines,Anthony,1,0,1,0.942
United Airlines,YUL Montréal,0,1,1,-0.934
United Airlines,David,2,0,2,0.9973
United Airlines,James,3,0,3,0.9954666666666666
United Airlines,WiFi,13,6,19,0.3814578947368421
United Airlines,Ratty,0,1,1,-0.8597
United Airlines,Pilot Pete,1,0,1,0.5685
United Airlines,UA2049,1,0,1,0.9349
United Airlines,Donald,1,0,1,0.9643
United Airlines,Mr Flores,1,0,1,0.9655
United Airlines,Flores,1,0,1,0.9655
United Airlines,Significant,0,1,1,-0.8934
United Airlines,Verdict,0,1,1,-0.8934
United Airlines,Cabin,7,6,13,0.09069230769230771
United Airlines,Paul,1,0,1,0.8922
United Airlines,Vegas,1,2,3,0.009799999999999994
United Airlines,Frozen,0,1,1,-0.6249
United Airlines,Aretha Franklin,1,0,1,0.7962
United Airlines,George Michael,1,0,1,0.7962
United Airlines,Naan,1,0,1,0.5925
United Airlines,max,1,1,2,0.015349999999999975
United Airlines,Left Heathrow,1,0,1,0.9838
United Airlines,Christine,1,0,1,0.9838
United Airlines,Corpus,0,3,3,-0.9168666666666668
United Airlines,Drinks,0,1,1,-0.3933
United Airlines,Controller,0,1,1,-0.7902
United Airlines,Wonderful,1,0,1,0.9888
United Airlines,Janet,1,0,1,0.9516
United Airlines,info,0,1,1,-0.6386
United Airlines,Nathalie Gravenstij,0,1,1,-0.9816
United Airlines,Pam Beck,1,0,1,0.9366
United Airlines,Quinta,0,1,1,-0.9444
United Airlines,Glad,1,0,1,0.419
United Airlines,Max 800,1,0,1,0.9913
United Airlines,Bluetooth,1,0,1,0.9913
United Airlines,Dustin,1,0,1,0.3862
United Airlines,Whatsapp,1,0,1,0.9992
United Airlines,Malik,2,0,2,0.0176
United Airlines,Gwen,0,1,1,-0.4437
United Airlines,Untied,1,0,1,0.7329
United Airlines,Athens,0,1,1,-0.9304
United Airlines,Kim,0,1,1,-0.9738
United Airlines,Jim,0,1,1,-0.9738
United Airlines,Melissa,1,0,1,0.7105
United Airlines,Joseph,0,1,1,-0.4019
United Airlines,Eugene,6,2,8,0.4632
United Airlines,Mark,0,1,1,-0.92
United Airlines,Fiancé,0,1,1,-0.92
United Airlines,Kona,2,0,2,0.54905
United Airlines,Chaos,0,1,1,-0.8777
United Airlines,Trip Verified|,1,0,1,0.1779
United Airlines,Polaris,10,4,14,0.4666642857142857
United Airlines,French Bee,0,1,1,-0.5876
United Airlines,4A,0,1,1,-0.8048
United Airlines,Reagan,0,2,2,-0.62235
United Airlines,Regan,0,1,1,-0.5178
United Airlines,Ridiculous Policy,0,1,1,-0.8932
United Airlines,Rep,1,0,1,0.5982
United Airlines,Plane,0,1,1,-0.8485
United Airlines,shoddy cheap,0,1,1,-0.296
United Airlines,Claire,3,0,3,0.9392999999999999
United Airlines,God,2,0,2,0.9618500000000001
United Airlines,Weather,1,1,2,-0.28285000000000005
United Airlines,UA441,0,1,1,-0.8987
United Airlines,Brisbane,1,0,1,0.9906
United Airlines,Paramedic,1,0,1,0.993
United Airlines,Uber,0,2,2,-0.61775
United Airlines,Sharlene,1,0,1,0.9875
United Airlines,Jolie,1,0,1,0.9875
United Airlines,Buenos Aires,0,1,1,-0.6266
United Airlines,Dole,1,0,1,0.9952
United Airlines,SADDENED,0,1,1,-0.9012
United Airlines,EXHAUSTED,0,1,1,-0.9012
United Airlines,United,5,4,9,0.19405555555555554
United Airlines,0700,0,1,1,-0.9669
United Airlines,Jet Blue,3,2,5,0.18997999999999998
United Airlines,Salinas,0,2,2,-0.7607
United Airlines,Jetbridge,1,0,1,0.519
United Airlines,bin,2,2,4,-0.123525
United Airlines,Exit,1,0,1,0.9201
United Airlines,Chicken,0,1,1,-0.9801
United Airlines,1:30pm,1,1,2,-0.0366
United Airlines,Rajneeta Smith,1,0,1,0.9337
United Airlines,Suzette Porter,1,0,1,0.83
United Airlines,Ft Myers,1,1,2,0.1033
United Airlines,St Thomas,1,0,1,0.3578
United Airlines,Edmonton,2,0,2,0.82805
United Airlines,Covid,11,21,32,-0.21791562499999997
United Airlines,Sam Houston,0,1,1,-0.6773
United Airlines,Messenger,1,0,1,0.9844
United Airlines,Checkin,1,0,1,0.9232
United Airlines,fiancé,1,0,1,0.9192
United Airlines,Complete,1,0,1,0.9192
United Airlines,Great Falls,1,2,3,-0.48866666666666675
United Airlines,London Heathrow,1,1,2,0.22899999999999998
United Airlines,Lo,1,1,2,0.04394999999999999
United Airlines,Bozeman,2,0,2,0.8031
United Airlines,2HRS,0,1,1,-0.9025
United Airlines,Kingfisher,1,0,1,0.9906
United Airlines,toddler,0,1,1,-0.9705
United Airlines,Austin,1,3,4,-0.29635
United Airlines,Bistro Burger,0,1,1,-0.7115
United Airlines,Miles,1,0,1,0.9957
United Airlines,Guam-Manila,1,0,1,0.8742
United Airlines,Alby,1,0,1,0.3872
United Airlines,Captain,1,0,1,0.9077
United Airlines,Brandon,1,0,1,0.9918
United Airlines,Rachel,1,0,1,0.9918
United Airlines,Machu Picchu,0,1,1,-0.551
United Airlines,Roundtrip DFW-SFO,1,0,1,0.8932
United Airlines,Monica Huie,1,0,1,0.8298
United Airlines,Crew,0,1,1,-0.8259
United Airlines,Boise,1,0,1,0.926
United Airlines,Indy,1,0,1,0.9812
United Airlines,Paula,1,0,1,0.9911
United Airlines,Moab,2,0,2,0.9219
United Airlines,Moab Utah,1,0,1,0.9219
United Airlines,B94,1,0,1,0.9219
United Airlines,OC,1,0,1,0.7447
United Airlines,Albuquerque,1,1,2,-0.19475
United Airlines,Infant Baby,0,1,1,-0.1825
United Airlines,Supervisor,0,1,1,-0.1825
United Airlines,Flights,2,1,3,0.5478999999999999
United Airlines,Status,1,0,1,0.9513
United Airlines,Kahului,2,0,2,0.90615
United Airlines,Angel Chavez,2,0,2,0.9652
United Airlines,Mrs Donovan,1,0,1,0.9904
United Airlines,Sfo,0,1,1,-0.7016
United Airlines,Jack,0,1,1,-0.7016
United Airlines,John Wayne,1,0,1,0.9912
United Airlines,Elizabeth Villacreses,1,0,1,0.9632
United Airlines,Giana Duong,1,0,1,0.9632
United Airlines,Tyler Arrington,1,0,1,0.9632
United Airlines,Maui,1,0,1,0.9958
United Airlines,Victoria Jones,1,0,1,0.3145
United Airlines,Guest,0,1,1,-0.7322
United Airlines,Microsoft Surface Pro,1,0,1,0.8911
United Airlines,N.B,0,1,1,-0.8313
United Airlines,8hrs,0,1,1,-0.7596
United Airlines,Shelly,0,1,1,-0.7596
United Airlines,Francisco,2,0,2,0.5044
United Airlines,São Paulo,4,0,4,0.4572
United Airlines,Raymond,1,1,2,0.03845000000000004
United Airlines,Kevin Thompson,1,0,1,0.8797
United Airlines,Raquel,1,0,1,0.9562
United Airlines,Ms Raquel,1,0,1,0.9562
United Airlines,Especially Patrick,0,1,1,-0.507
United Airlines,Advil,0,1,1,-0.8942
United Airlines,wifi,1,0,1,0.1027
United Airlines,Corey,1,0,1,0.8813
United Airlines,Stuck,0,1,1,-0.9813
United Airlines,Moline,1,0,1,0.9042
United Airlines,Montrose,0,1,1,-0.9292
United Airlines,Page,1,0,1,0.7031
United Airlines,Rafael Otero,2,0,2,0.9805
United Airlines,m&ms tonight,0,1,1,-0.1154
United Airlines,Lavs,1,0,1,0.852
United Airlines,Screens,1,0,1,0.852
United Airlines,Cabin Crew,1,0,1,0.8857
United Airlines,Pamela,1,0,1,0.9513
United Airlines,Steve Skewes,1,0,1,0.9737
United Airlines,Skewes,1,0,1,0.9737
United Airlines,Skywest,1,0,1,0.931
United Airlines,Nicole,1,0,1,0.979
United Airlines,Done United,1,0,1,0.7351
United Airlines,Bought Wi-Fi,0,1,1,-0.5714
United Airlines,Maintenance,1,0,1,0.6059
United Airlines,Victoria,1,0,1,0.9564
United Airlines,Bachelorette,0,1,1,-0.8415
United Airlines,UA998,0,1,1,-0.4687
United Airlines,Brian,4,0,4,0.761725
United Airlines,UA842,0,1,1,-0.6705
United Airlines,Veterans,1,0,1,0.4789
United Airlines,joe,1,0,1,0.9899
United Airlines,Joe,2,0,2,0.9899
United Airlines,Onboard,2,1,3,0.34463333333333335
United Airlines,Mask,1,1,2,0.03739999999999999
United Airlines,Malawi,0,2,2,-0.9485
United Airlines,Desert,1,0,1,0.9592
United Airlines,Michelle,2,0,2,0.9899
United Airlines,Enroute,1,0,1,0.9732
United Airlines,Linkedin,1,0,1,0.7535
United Airlines,11 Hrs,0,1,1,-0.7096
United Airlines,CV,0,1,1,-0.8864
United Airlines,Grand Cayman,1,0,1,0.8608
United Airlines,Allegiant,1,3,4,-0.37775
United Airlines,Killeen,2,0,2,0.9844
United Airlines,Killen,1,0,1,0.9844
United Airlines,Stephen Serrano,1,0,1,0.9721
United Airlines,Stephen,2,0,2,0.9721
United Airlines,Madison WI,0,1,1,-0.6444
United Airlines,App Store,1,0,1,0.8095
United Airlines,Knoxville TN,0,1,1,-0.7404
United Airlines,Polaris non-stop,1,0,1,0.4131
United Airlines,Purser Stephanie,1,0,1,0.993
United Airlines,G.R.,0,1,1,-0.9182
United Airlines,covid-19,1,2,3,-0.055333333333333345
United Airlines,Dasani,1,0,1,0.9705
United Airlines,Pitt,1,0,1,0.9241
United Airlines,Linda,1,0,1,0.9881
United Airlines,Accra,1,0,1,0.7176
United Airlines,Alaska Airline,0,1,1,-0.5719
United Airlines,Antonio,1,0,1,0.9862
United Airlines,Emily,1,0,1,0.9719
United Airlines,COVID-19,1,1,2,-0.02410000000000001
United Airlines,Marshall,1,0,1,0.9979
United Airlines,Gilligan,0,1,1,-0.9613
United Airlines,Greensboro,0,1,1,-0.9613
United Airlines,Level 2,0,1,1,-0.976
United Airlines,Btw,0,1,1,-0.9828
United Airlines,Karen,1,0,1,0.6888
United Airlines,Lucy,1,0,1,0.4102
United Airlines,Off,0,1,1,-0.2617
United Airlines,Duluth,2,1,3,0.31296666666666667
United Airlines,Dollar,0,1,1,-0.9896
United Airlines,Sherry,1,0,1,0.9693
United Airlines,Charles,1,0,1,0.9345
United Airlines,Mark Harrison,1,0,1,0.9928
United Airlines,Nether,0,1,1,-0.1835
United Airlines,Kelowna,1,0,1,0.5619
United Airlines,covid19,1,0,1,0.0129
United Airlines,Erica,1,0,1,0.9598
United Airlines,Covid-19,0,1,1,-0.5044
United Airlines,dumbstruck,0,1,1,-0.7142
United Airlines,Mariam,1,0,1,0.7056
United Airlines,Horrible,1,0,1,0.7056
United Airlines,Huffing,0,1,1,-0.9744
United Airlines,lo,0,1,1,-0.807
United Airlines,Tegla,1,0,1,0.8316
United Airlines,Nic,1,0,1,0.8316
United Airlines,szerszy niż w Swiss,1,0,1,0.8316
United Airlines,Jeśli chodzi,1,0,1,0.8316
United Airlines,Monopoly,1,0,1,0.9731
United Airlines,Sau Paolo,1,0,1,0.7046
United Airlines,Eureka,0,1,1,-0.872
United Airlines,Eau Claire,0,1,1,-0.8814
United Airlines,Mile,1,0,1,0.5171
United Airlines,Evisa,1,0,1,0.8176
United Airlines,strawberry,1,0,1,0.8913
United Airlines,Stewardess,1,0,1,0.2732
United Airlines,Alex,2,0,2,0.9815
United Airlines,Everett,0,1,1,-0.5789
United Airlines,Sioux Falls,0,1,1,-0.7081
United Airlines,Guayaquil,1,0,1,0.2462
United Airlines,Loja,1,0,1,0.2462
United Airlines,free sodas,1,0,1,0.9654
United Airlines,Good Luck,1,0,1,0.9539
United Airlines,Melbourne,1,0,1,0.9186
United Airlines,Left Shreveport,0,1,1,-0.681
United Airlines,house keys,0,1,1,-0.681
United Airlines,Kahalui,1,0,1,0.6076
United Airlines,Thomas Cook,1,0,1,0.9792
United Airlines,Thomas Cook’s,1,0,1,0.9792
United Airlines,Bora Bora,1,0,1,0.953
United Airlines,Front,1,0,1,0.6103
United Airlines,Felt,0,1,1,-0.785
United Airlines,Handicap,0,1,1,-0.9584
United Airlines,Punta Cana,1,0,1,0.9589
United Airlines,Amarillo,0,1,1,-0.7736
United Airlines,LaGuardia,0,1,1,-0.8652
United Airlines,Kennedy,0,2,2,-0.8652
United Airlines,Lesson,2,0,2,0.46515
United Airlines,Kailua Kona HI,2,0,2,0.64
United Airlines,Boston Ma,0,1,1,-0.079
United Airlines,Vince Camuto,0,1,1,-0.7254
United Airlines,NotVerified|,0,1,1,-0.9278
